{"train_loss": 0.9992896318435669, "_timestamp": 1711381350.364782, "_runtime": 5.961767196655273, "_step": 0, "_wandb": {"runtime": 5}}