{"train_loss": 0.0434030219912529, "_timestamp": 1711464391.6637926, "_runtime": 245.37339568138123, "_step": 3123, "train_errorloss": 0.011144831776618958, "_wandb": {"runtime": 524}}