{"train_loss": 1.0016045570373535, "_timestamp": 1711382624.9062726, "_runtime": 17.666730642318726, "_step": 92, "train_errorloss": 1.572226028656587e-05, "_wandb": {"runtime": 17}}