{"train_loss": 0.06634239852428436, "_timestamp": 1711380951.2068024, "_runtime": 189.3203203678131, "_step": 1866, "_wandb": {"runtime": 188}}