{"train_loss": 0.06345582008361816, "_timestamp": 1711463939.9391065, "_runtime": 637.3597564697266, "_step": 2303, "train_errorloss": 0.009693006984889507, "_wandb": {"runtime": 636}}