{"train_loss": 0.9992896318435669, "_timestamp": 1711380719.2249446, "_runtime": 6.281333684921265, "_step": 0, "_wandb": {"runtime": 5}}