{"train_loss": 0.9992896318435669, "_timestamp": 1711381734.2685153, "_runtime": 5.697210311889648, "_step": 0, "_wandb": {"runtime": 5}}