{"train_loss": 0.9936745166778564, "_timestamp": 1711463981.4662445, "_runtime": 15.898704528808594, "_step": 104, "train_errorloss": 1.629873804631643e-05, "_wandb": {"runtime": 14}}