{"train_loss": 0.05167006701231003, "_timestamp": 1711386047.5111496, "_runtime": 891.330807685852, "_step": 11199, "train_errorloss": 0.010890528559684753}