{"train_loss": 1.0013868808746338, "_timestamp": 1711382390.6122057, "_runtime": 9.000998735427856, "_step": 16, "_wandb": {"runtime": 8}}