{"train_loss": 0.04318469762802124, "_timestamp": 1711466134.3812087, "_runtime": 245.57738876342773, "_step": 3123, "train_errorloss": 0.011265106499195099, "_wandb": {"runtime": 244}}