{"train_loss": 1.00192391872406, "_timestamp": 1711382577.2526934, "_runtime": 9.867448329925537, "_step": 17, "train_errorloss": 5.6403878261335194e-05, "_wandb": {"runtime": 9}}