{"train_loss": 0.795073390007019, "_timestamp": 1711384042.3679414, "_runtime": 65.8580572605133, "_step": 419, "train_errorloss": 0.0023923732805997133}