{"train_loss": 0.03942300006747246, "_timestamp": 1711377662.8025897, "_runtime": 95.27514457702637, "_step": 872, "_wandb": {"runtime": 94}}