{"train_loss": 0.03086395375430584, "_timestamp": 1711383958.5308175, "_runtime": 431.43276143074036, "_step": 3969, "train_errorloss": 0.00784740038216114, "_wandb": {"runtime": 430}}