{"train_loss": 0.03908344358205795, "_timestamp": 1717310764.6901727, "_runtime": 212.23635458946228, "_step": 3123, "train_errorloss": 0.012616528198122978, "_wandb": {"runtime": 211}}