{"train_loss": 0.992093026638031, "_timestamp": 1711382255.9528213, "_runtime": 11.4296293258667, "_step": 33, "train_errorloss": 4.6150053094606847e-05, "_wandb": {"runtime": 10}}