{"train_loss": 0.865141749382019, "_timestamp": 1711384014.1227345, "_runtime": 37.629146575927734, "_step": 175, "_wandb": {"runtime": 37}}