{"train_loss": 0.043505795300006866, "_timestamp": 1711465567.82853, "_runtime": 245.74873518943787, "_step": 3123, "train_errorloss": 0.011237772181630135, "_wandb": {"runtime": 525}}